{
  "site_settings": {
    "name": "Le Coin des Artisans",
    "domain": "lecoindesartisans.fr",
    "tagline": "L'annuaire de confiance pour vos travaux et rénovations.",
    "cta_main": "Comparer 3 Devis Gratuits",
    "cta_sub": "Sans engagement • Réponse sous 24h",
    "contact_email": "contact@lecoindesartisans.fr",
    "trust_badges": [
      "Artisans RGE",
      "Vérifié",
      "Assurance Décennale"
    ]
  },
  "services": [
    {
      "id": "solaire",
      "slug": "panneaux-solaires",
      "name": "Panneaux Solaires",
      "short_desc": "Produisez votre électricité et réduisez vos factures jusqu'à 70%.",
      "full_desc": "Installation de panneaux photovoltaïques par des artisans certifiés RGE. Autoconsommation, revente, batteries.",
      "seo_title": "Installateur Panneaux Solaires à {city} - Devis & Rentabilité 2026",
      "icon": "Sun",
      "payout_category": "High Ticket"
    },
    {
      "id": "pompe-a-chaleur",
      "slug": "pompe-a-chaleur",
      "name": "Pompe à Chaleur",
      "short_desc": "Remplacez votre chaudière fioul/gaz et profitez des aides de l'État.",
      "full_desc": "Installation de PAC Air/Eau ou Air/Air. Économies d'énergie garanties. Vérifiez votre éligibilité aux primes.",
      "seo_title": "Installation Pompe à Chaleur à {city} - Aides de l'État Déduites",
      "icon": "ThermometerSun",
      "payout_category": "High Ticket"
    },
    {
      "id": "isolation",
      "slug": "isolation-exterieure",
      "name": "Isolation Extérieure (ITE)",
      "short_desc": "Isolez vos murs par l'extérieur et redonnez un coup de jeune à votre façade.",
      "full_desc": "Suppression des ponts thermiques, ravalement de façade inclus. Solutions polystyrène ou laine de roche.",
      "seo_title": "Entreprise d'Isolation Extérieure à {city} - Devis Murs & Façade",
      "icon": "Home",
      "payout_category": "Medium Ticket"
    },
    {
      "id": "fenetres",
      "slug": "fenetres-menuiserie",
      "name": "Fenêtres & Volets",
      "short_desc": "Double ou triple vitrage PVC, Alu, Bois pour une isolation phonique et thermique.",
      "full_desc": "Pose de fenêtres, portes-fenêtres, baies vitrées et volets roulants solaires. Made in France disponible.",
      "seo_title": "Pose de Fenêtres PVC/Alu à {city} - Prix & Devis",
      "icon": "AppWindow",
      "payout_category": "Medium Ticket"
    },
    {
      "id": "toiture",
      "slug": "toiture-couverture",
      "name": "Toiture & Couverture",
      "short_desc": "Réparation de fuites, rénovation complète, nettoyage et démoussage.",
      "full_desc": "Couvreurs zingueurs pour tuiles, ardoises ou zinc. Étanchéité et traitement hydrofuge garantis.",
      "seo_title": "Couvreur Zingueur à {city} : Rénovation de Toiture & Fuites",
      "icon": "Hammer",
      "payout_category": "High Ticket"
    },
    {
      "id": "plomberie",
      "slug": "plomberie-sanitaire",
      "name": "Plomberie & Dépannage",
      "short_desc": "Intervention rapide pour fuites, débouchage et installation sanitaire.",
      "full_desc": "Plombiers qualifiés pour urgences, chauffe-eau, rénovation salle de bain et cuisine.",
      "seo_title": "Plombier à {city} ({zip}) - Dépannage Urgence & Installation",
      "icon": "Wrench",
      "payout_category": "Volume"
    },
    {
      "id": "clim",
      "slug": "climatisation-reversible",
      "name": "Climatisation Réversible",
      "short_desc": "Chauffez et climatisez votre logement avec une seule installation économique.",
      "full_desc": "Installation de climatisations réversibles (PAC Air/Air) par des frigoristes qualifiés. Confort 4 saisons et économies d'énergie.",
      "seo_title": "Installateur Climatisation Réversible à {city} - Devis & Prix 2026",
      "icon": "Wind",
      "payout_category": "Medium Ticket"
    },
    {
      "id": "borne",
      "slug": "borne-recharge",
      "name": "Borne de Recharge IRVE",
      "short_desc": "Rechargez votre véhicule électrique à domicile 3x plus vite.",
      "full_desc": "Installation de bornes de recharge (Wallbox) par des électriciens qualifiés IRVE. Compatible toutes marques (Tesla, Renault, etc.).",
      "seo_title": "Installateur Borne de Recharge IRVE à {city} - Devis Wallbox",
      "icon": "Zap",
      "payout_category": "Medium Ticket"
    }
  ],
  "usps": [
    {
      "title": "Artisans Vérifiés",
      "description": "Nous sélectionnons uniquement des pros avec des avis clients vérifiés et assurances à jour.",
      "icon": "ShieldCheck"
    },
    {
      "title": "Devis Gratuits",
      "description": "Recevez jusqu'à 3 propositions chiffrées sans aucun engagement de votre part.",
      "icon": "FileText"
    },
    {
      "title": "Prix du Marché",
      "description": "Mettez les artisans en concurrence pour obtenir le meilleur rapport qualité/prix.",
      "icon": "Euro"
    }
  ],
  "faq_common": [
    {
      "question": "Est-ce que la demande de devis est payante ?",
      "answer": "Non, le service Le Coin des Artisans est 100% gratuit pour les particuliers."
    },
    {
      "question": "Les artisans sont-ils assurés ?",
      "answer": "Oui, nos partenaires doivent justifier d'une garantie décennale et d'une responsabilité civile pro."
    },
    {
      "question": "Sous quel délai vais-je recevoir mes devis ?",
      "answer": "Généralement, les artisans vous contactent sous 24h à 48h après validation de votre dossier."
    }
  ],
  "blog_categories": [
    {
      "slug": "guides-travaux",
      "name": "Guides & Conseils",
      "description": "Tutos et astuces pour réussir vos chantiers."
    },
    {
      "slug": "aides-etat",
      "name": "Aides Financières",
      "description": "MaPrimeRénov, CEE, Éco-PTZ : tout comprendre."
    }
  ],
  "sample_cities": [
    {
      "name": "Paris",
      "slug": "paris",
      "zip": "75000",
      "region": "Île-de-France"
    },
    {
      "name": "Marseille",
      "slug": "marseille",
      "zip": "13000",
      "region": "PACA"
    },
    {
      "name": "Lyon",
      "slug": "lyon",
      "zip": "69000",
      "region": "Auvergne-Rhône-Alpes"
    },
    {
      "name": "Toulouse",
      "slug": "toulouse",
      "zip": "31000",
      "region": "Occitanie"
    },
    {
      "name": "Nice",
      "slug": "nice",
      "zip": "06000",
      "region": "PACA"
    },
    {
      "name": "Nantes",
      "slug": "nantes",
      "zip": "44000",
      "region": "Pays de la Loire"
    },
    {
      "name": "Montpellier",
      "slug": "montpellier",
      "zip": "34000",
      "region": "Occitanie"
    },
    {
      "name": "Strasbourg",
      "slug": "strasbourg",
      "zip": "67000",
      "region": "Grand Est"
    },
    {
      "name": "Bordeaux",
      "slug": "bordeaux",
      "zip": "33000",
      "region": "Nouvelle-Aquitaine"
    },
    {
      "name": "Lille",
      "slug": "lille",
      "zip": "59000",
      "region": "Hauts-de-France"
    },
    {
      "name": "Rennes",
      "slug": "rennes",
      "zip": "35000",
      "region": "Bretagne"
    },
    {
      "name": "Reims",
      "slug": "reims",
      "zip": "51100",
      "region": "Grand Est"
    },
    {
      "name": "Toulon",
      "slug": "toulon",
      "zip": "83000",
      "region": "PACA"
    },
    {
      "name": "Saint-Étienne",
      "slug": "saint-etienne",
      "zip": "42000",
      "region": "Auvergne-Rhône-Alpes"
    },
    {
      "name": "Le Havre",
      "slug": "le-havre",
      "zip": "76600",
      "region": "Normandie"
    },
    {
      "name": "Grenoble",
      "slug": "grenoble",
      "zip": "38000",
      "region": "Auvergne-Rhône-Alpes"
    },
    {
      "name": "Dijon",
      "slug": "dijon",
      "zip": "21000",
      "region": "Bourgogne-Franche-Comté"
    },
    {
      "name": "Angers",
      "slug": "angers",
      "zip": "49000",
      "region": "Pays de la Loire"
    },
    {
      "name": "Nîmes",
      "slug": "nimes",
      "zip": "30000",
      "region": "Occitanie"
    },
    {
      "name": "Villeurbanne",
      "slug": "villeurbanne",
      "zip": "69100",
      "region": "Auvergne-Rhône-Alpes"
    },
    {
      "name": "Saint-Denis",
      "slug": "saint-denis",
      "zip": "93200",
      "region": "Île-de-France"
    },
    {
      "name": "Le Mans",
      "slug": "le-mans",
      "zip": "72000",
      "region": "Pays de la Loire"
    },
    {
      "name": "Aix-en-Provence",
      "slug": "aix-en-provence",
      "zip": "13100",
      "region": "PACA"
    },
    {
      "name": "Clermont-Ferrand",
      "slug": "clermont-ferrand",
      "zip": "63000",
      "region": "Auvergne-Rhône-Alpes"
    },
    {
      "name": "Brest",
      "slug": "brest",
      "zip": "29200",
      "region": "Bretagne"
    },
    {
      "name": "Tours",
      "slug": "tours",
      "zip": "37000",
      "region": "Centre-Val de Loire"
    },
    {
      "name": "Limoges",
      "slug": "limoges",
      "zip": "87000",
      "region": "Nouvelle-Aquitaine"
    },
    {
      "name": "Amiens",
      "slug": "amiens",
      "zip": "80000",
      "region": "Hauts-de-France"
    },
    {
      "name": "Annecy",
      "slug": "annecy",
      "zip": "74000",
      "region": "Auvergne-Rhône-Alpes"
    },
    {
      "name": "Perpignan",
      "slug": "perpignan",
      "zip": "66000",
      "region": "Occitanie"
    },
    {
      "name": "Boulogne-Billancourt",
      "slug": "boulogne-billancourt",
      "zip": "92100",
      "region": "Île-de-France"
    },
    {
      "name": "Metz",
      "slug": "metz",
      "zip": "57000",
      "region": "Grand Est"
    },
    {
      "name": "Besançon",
      "slug": "besancon",
      "zip": "25000",
      "region": "Bourgogne-Franche-Comté"
    },
    {
      "name": "Orléans",
      "slug": "orleans",
      "zip": "45000",
      "region": "Centre-Val de Loire"
    },
    {
      "name": "Mulhouse",
      "slug": "mulhouse",
      "zip": "68100",
      "region": "Grand Est"
    },
    {
      "name": "Rouen",
      "slug": "rouen",
      "zip": "76000",
      "region": "Normandie"
    },
    {
      "name": "Caen",
      "slug": "caen",
      "zip": "14000",
      "region": "Normandie"
    },
    {
      "name": "Nancy",
      "slug": "nancy",
      "zip": "54000",
      "region": "Grand Est"
    },
    {
      "name": "Argenteuil",
      "slug": "argenteuil",
      "zip": "95100",
      "region": "Île-de-France"
    },
    {
      "name": "Montreuil",
      "slug": "montreuil",
      "zip": "93100",
      "region": "Île-de-France"
    },
    {
      "name": "Roubaix",
      "slug": "roubaix",
      "zip": "59100",
      "region": "Hauts-de-France"
    },
    {
      "name": "Tourcoing",
      "slug": "tourcoing",
      "zip": "59200",
      "region": "Hauts-de-France"
    },
    {
      "name": "Nanterre",
      "slug": "nanterre",
      "zip": "92000",
      "region": "Île-de-France"
    },
    {
      "name": "Avignon",
      "slug": "avignon",
      "zip": "84000",
      "region": "PACA"
    },
    {
      "name": "Vitry-sur-Seine",
      "slug": "vitry-sur-seine",
      "zip": "94400",
      "region": "Île-de-France"
    },
    {
      "name": "Créteil",
      "slug": "creteil",
      "zip": "94000",
      "region": "Île-de-France"
    },
    {
      "name": "Dunkerque",
      "slug": "dunkerque",
      "zip": "59140",
      "region": "Hauts-de-France"
    },
    {
      "name": "Poitiers",
      "slug": "poitiers",
      "zip": "86000",
      "region": "Nouvelle-Aquitaine"
    },
    {
      "name": "Asnières-sur-Seine",
      "slug": "asnieres-sur-seine",
      "zip": "92600",
      "region": "Île-de-France"
    },
    {
      "name": "Versailles",
      "slug": "versailles",
      "zip": "78000",
      "region": "Île-de-France"
    },
    {
      "name": "Colombes",
      "slug": "colombes",
      "zip": "92700",
      "region": "Île-de-France"
    },
    {
      "name": "Aubervilliers",
      "slug": "aubervilliers",
      "zip": "93300",
      "region": "Île-de-France"
    },
    {
      "name": "Aulnay-sous-Bois",
      "slug": "aulnay-sous-bois",
      "zip": "93600",
      "region": "Île-de-France"
    },
    {
      "name": "Courbevoie",
      "slug": "courbevoie",
      "zip": "92400",
      "region": "Île-de-France"
    },
    {
      "name": "Cherbourg-en-Cotentin",
      "slug": "cherbourg-en-cotentin",
      "zip": "50100",
      "region": "Normandie"
    },
    {
      "name": "Rueil-Malmaison",
      "slug": "rueil-malmaison",
      "zip": "92500",
      "region": "Île-de-France"
    },
    {
      "name": "Pau",
      "slug": "pau",
      "zip": "64000",
      "region": "Nouvelle-Aquitaine"
    },
    {
      "name": "Champigny-sur-Marne",
      "slug": "champigny-sur-marne",
      "zip": "94500",
      "region": "Île-de-France"
    },
    {
      "name": "La Rochelle",
      "slug": "la-rochelle",
      "zip": "17000",
      "region": "Nouvelle-Aquitaine"
    },
    {
      "name": "Calais",
      "slug": "calais",
      "zip": "62100",
      "region": "Hauts-de-France"
    },
    {
      "name": "Antibes",
      "slug": "antibes",
      "zip": "06600",
      "region": "PACA"
    },
    {
      "name": "Saint-Maur-des-Fossés",
      "slug": "saint-maur-des-fosses",
      "zip": "94100",
      "region": "Île-de-France"
    },
    {
      "name": "Béziers",
      "slug": "beziers",
      "zip": "34500",
      "region": "Occitanie"
    },
    {
      "name": "Cannes",
      "slug": "cannes",
      "zip": "06400",
      "region": "PACA"
    },
    {
      "name": "Colmar",
      "slug": "colmar",
      "zip": "68000",
      "region": "Grand Est"
    },
    {
      "name": "Mérignac",
      "slug": "merignac",
      "zip": "33700",
      "region": "Nouvelle-Aquitaine"
    },
    {
      "name": "Saint-Nazaire",
      "slug": "saint-nazaire",
      "zip": "44600",
      "region": "Pays de la Loire"
    },
    {
      "name": "Drancy",
      "slug": "drancy",
      "zip": "93700",
      "region": "Île-de-France"
    },
    {
      "name": "Issy-les-Moulineaux",
      "slug": "issy-les-moulineaux",
      "zip": "92130",
      "region": "Île-de-France"
    },
    {
      "name": "Ajaccio",
      "slug": "ajaccio",
      "zip": "20000",
      "region": "Corse"
    },
    {
      "name": "Noisy-le-Grand",
      "slug": "noisy-le-grand",
      "zip": "93160",
      "region": "Île-de-France"
    },
    {
      "name": "Bourges",
      "slug": "bourges",
      "zip": "18000",
      "region": "Centre-Val de Loire"
    },
    {
      "name": "La Seyne-sur-Mer",
      "slug": "la-seyne-sur-mer",
      "zip": "83500",
      "region": "PACA"
    },
    {
      "name": "Vénissieux",
      "slug": "venissieux",
      "zip": "69200",
      "region": "Auvergne-Rhône-Alpes"
    },
    {
      "name": "Levallois-Perret",
      "slug": "levallois-perret",
      "zip": "92300",
      "region": "Île-de-France"
    },
    {
      "name": "Quimper",
      "slug": "quimper",
      "zip": "29000",
      "region": "Bretagne"
    },
    {
      "name": "Cergy",
      "slug": "cergy",
      "zip": "95000",
      "region": "Île-de-France"
    },
    {
      "name": "Valence",
      "slug": "valence",
      "zip": "26000",
      "region": "Auvergne-Rhône-Alpes"
    },
    {
      "name": "Villeneuve-d'Ascq",
      "slug": "villeneuve-dascq",
      "zip": "59650",
      "region": "Hauts-de-France"
    },
    {
      "name": "Antony",
      "slug": "antony",
      "zip": "92160",
      "region": "Île-de-France"
    },
    {
      "name": "Pessac",
      "slug": "pessac",
      "zip": "33600",
      "region": "Nouvelle-Aquitaine"
    },
    {
      "name": "Troyes",
      "slug": "troyes",
      "zip": "10000",
      "region": "Grand Est"
    },
    {
      "name": "Neuilly-sur-Seine",
      "slug": "neuilly-sur-seine",
      "zip": "92200",
      "region": "Île-de-France"
    },
    {
      "name": "Clichy",
      "slug": "clichy",
      "zip": "92110",
      "region": "Île-de-France"
    },
    {
      "name": "Chambéry",
      "slug": "chambery",
      "zip": "73000",
      "region": "Auvergne-Rhône-Alpes"
    },
    {
      "name": "Niort",
      "slug": "niort",
      "zip": "79000",
      "region": "Nouvelle-Aquitaine"
    },
    {
      "name": "Ivry-sur-Seine",
      "slug": "ivry-sur-seine",
      "zip": "94200",
      "region": "Île-de-France"
    },
    {
      "name": "Lorient",
      "slug": "lorient",
      "zip": "56100",
      "region": "Bretagne"
    },
    {
      "name": "Sarcelles",
      "slug": "sarcelles",
      "zip": "95200",
      "region": "Île-de-France"
    },
    {
      "name": "Montauban",
      "slug": "montauban",
      "zip": "82000",
      "region": "Occitanie"
    },
    {
      "name": "Villejuif",
      "slug": "villejuif",
      "zip": "94800",
      "region": "Île-de-France"
    },
    {
      "name": "Hyères",
      "slug": "hyeres",
      "zip": "83400",
      "region": "PACA"
    },
    {
      "name": "Beauvais",
      "slug": "beauvais",
      "zip": "60000",
      "region": "Hauts-de-France"
    },
    {
      "name": "Cholet",
      "slug": "cholet",
      "zip": "49300",
      "region": "Pays de la Loire"
    },
    {
      "name": "Bondy",
      "slug": "bondy",
      "zip": "93140",
      "region": "Île-de-France"
    },
    {
      "name": "Saint-Quentin",
      "slug": "saint-quentin",
      "zip": "02100",
      "region": "Hauts-de-France"
    },
    {
      "name": "Les Abymes",
      "slug": "les-abymes",
      "zip": "97139",
      "region": "Guadeloupe"
    },
    {
      "name": "Vannes",
      "slug": "vannes",
      "zip": "56000",
      "region": "Bretagne"
    },
    {
      "name": "Chelles",
      "slug": "chelles",
      "zip": "77500",
      "region": "Île-de-France"
    },
    {
      "name": "Maisons-Alfort",
      "slug": "maisons-alfort",
      "zip": "94700",
      "region": "Île-de-France"
    }
  ]
}